model,year,price,transmission,mileage,fuelType,tax,mpg,engineSize
 A1,2017,12500,Manual,15735,Petrol,150,55.4,1.4
 A6,2016,16500,Automatic,36203,Diesel,20,64.2,2
 A1,2016,11000,Manual,29946,Petrol,30,55.4,1.4
 A4,2017,16800,Automatic,25952,Diesel,145,67.3,2
 A3,2019,17300,Manual,1998,Petrol,145,49.6,1
 A1,2016,13900,Automatic,32260,Petrol,30,58.9,1.4
 A6,2016,13250,Automatic,76788,Diesel,30,61.4,2
 A4,2016,11750,Manual,75185,Diesel,20,70.6,2
 A3,2015,10200,Manual,46112,Petrol,20,60.1,1.4
 A1,2016,12000,Manual,22451,Petrol,30,55.4,1.4
 A3,2017,16100,Manual,28955,Petrol,145,58.9,1.4
 A6,2016,16500,Automatic,52198,Diesel,125,57.6,2
 Q3,2016,17000,Manual,44915,Diesel,145,52.3,2
 A3,2017,16400,Manual,21695,Petrol,30,58.9,1.4
 A6,2015,15400,Manual,47348,Diesel,30,61.4,2
 A3,2017,14500,Automatic,26156,Petrol,145,58.9,1.4
 Q3,2016,15700,Automatic,28396,Diesel,145,53.3,2
 A3,2014,13900,Automatic,30516,Petrol,30,56.5,1.4
 Q5,2016,19000,Automatic,37652,Diesel,200,47.1,2
 Q3,2014,17000,Manual,34110,Petrol,145,47.9,1.4
 A5,2017,17300,Automatic,37100,Diesel,145,67.3,2
 Q5,2016,20200,Automatic,23714,Diesel,200,47.1,2
 A5,2017,22500,Automatic,21649,Diesel,145,58.9,3
 A6,2015,17500,Automatic,62748,Diesel,150,53.3,3
 Q5,2016,20000,Automatic,23789,Diesel,200,47.1,2
 A4,2017,18500,Automatic,17418,Diesel,145,62.8,2
 A5,2017,19500,Automatic,33300,Diesel,145,61.4,2
 A1,2018,15800,Manual,10793,Petrol,145,56.5,1.4
 A4,2018,17200,Automatic,25138,Diesel,145,70.6,2
 A6,2015,14000,Manual,61176,Diesel,30,62.8,2
 A1,2015,9500,Automatic,54754,Diesel,0,76.3,1.6
 Q3,2017,16500,Manual,21369,Petrol,125,51.4,1.4
 Q3,2014,15000,Automatic,39190,Diesel,205,47.9,2
 Q3,2017,16000,Automatic,47482,Petrol,150,47.9,1.4
 Q3,2016,16900,Automatic,40501,Diesel,150,51.4,2
 Q3,2014,12300,Automatic,43195,Diesel,200,47.9,2
 A1,2017,10800,Manual,31447,Petrol,145,67.3,1
 A6,2016,19400,Automatic,34030,Diesel,125,58.9,2
 A4,2017,16000,Manual,29063,Diesel,145,70.6,2
 A3,2017,17100,Manual,29545,Diesel,145,65.7,2
 A3,2015,11300,Manual,75619,Diesel,20,68.9,2
 Q3,2016,17200,Automatic,39603,Diesel,160,50.4,2
 Q3,2017,20300,Automatic,42908,Diesel,145,51.4,2
 A5,2014,13200,Automatic,83872,Diesel,125,58.9,2
 Q3,2016,15200,Automatic,58750,Petrol,145,47.9,1.4
 A3,2019,15700,Manual,2029,Petrol,145,49.6,1
 A6,2018,16600,Automatic,22958,Petrol,145,50.4,1.8
 A4,2017,14400,Automatic,32097,Diesel,145,72.4,2
 A5,2017,20200,Automatic,13057,Petrol,145,53.3,2
 S4,2017,23700,Automatic,20278,Petrol,145,38.7,3
 A4,2016,12750,Manual,52561,Diesel,0,74.3,2
 A6,2015,13000,Automatic,31604,Diesel,20,67.3,2
 Q3,2016,15900,Manual,32011,Petrol,145,49.6,1.4
 Q3,2016,15000,Manual,39134,Diesel,30,60.1,2
 Q5,2015,14700,Automatic,89483,Diesel,205,47.1,2
 A3,2015,15000,Automatic,56291,Petrol,200,42.8,1.8
 A6,2016,16000,Automatic,47767,Diesel,20,61.4,2
 A1,2014,11000,Manual,34315,Petrol,125,53.3,1.4
 A3,2016,10200,Manual,66369,Diesel,0,83.1,1.6
 A6,2016,18500,Manual,34110,Diesel,30,61.4,2
 A1,2013,7000,Manual,76269,Diesel,0,74.3,1.6
 A3,2016,10600,Manual,37840,Diesel,20,70.6,1.6
 A3,2017,16000,Manual,26249,Diesel,30,67.3,1.6
 Q3,2017,15000,Manual,44898,Diesel,125,57.7,2
 Q3,2017,14000,Manual,67161,Petrol,150,51.4,1.4
 A3,2018,18950,Manual,17992,Petrol,150,54.3,1.5
 A4,2016,10200,Manual,97440,Diesel,20,70.6,2
 A1,2017,11700,Manual,19268,Petrol,150,67.3,1
 A3,2013,11500,Automatic,51441,Petrol,125,50.4,1.8
 A1,2016,10800,Manual,18181,Petrol,0,67.3,1
 A3,2016,12500,Manual,19494,Diesel,30,67.3,2
 A6,2016,16600,Manual,32808,Diesel,30,61.4,2
 A3,2017,13100,Manual,25965,Diesel,145,65.7,2
 A3,2016,8300,Manual,88215,Diesel,20,68.9,2
 A3,2019,16000,Manual,5704,Petrol,145,49.6,1
 A4,2017,16900,Manual,10959,Petrol,145,51.4,1.4
 Q5,2016,19600,Automatic,30201,Diesel,200,47.1,2
 Q3,2017,21800,Automatic,19319,Petrol,145,40.4,2
 A6,2017,16200,Manual,22582,Diesel,145,61.4,2
 A5,2017,18700,Manual,20052,Petrol,145,49.6,2
 Q3,2016,16100,Manual,16666,Diesel,30,60.1,2
 A3,2016,11300,Manual,25626,Diesel,0,74.3,1.6
 A3,2016,14100,Manual,10460,Petrol,20,60.1,1.4
 A6,2016,16600,Automatic,43307,Diesel,125,57.6,2
 A1,2017,11300,Manual,29327,Petrol,30,55.4,1.4
 Q3,2017,15600,Manual,36714,Petrol,125,51.4,1.4
 A1,2014,10000,Manual,28324,Petrol,125,53.3,1.4
 A1,2016,14500,Manual,12100,Petrol,30,56.5,1.4
 Q3,2017,16100,Manual,18001,Diesel,145,62.8,2
 A1,2016,10600,Manual,28760,Petrol,30,55.4,1.4
 A3,2019,25499,Semi-Auto,4000,Petrol,145,44.1,1.5
 Q2,2019,25499,Semi-Auto,7897,Diesel,145,47.9,2
 A6,2016,15500,Automatic,24744,Diesel,125,56.5,3
 Q3,2015,16200,Automatic,30075,Diesel,160,51.4,2
 A1,2017,14000,Manual,12577,Petrol,30,58.9,1.4
 A6,2016,17300,Automatic,24421,Diesel,30,61.4,2
 A1,2016,10600,Manual,15567,Diesel,0,76.3,1.6
 A4,2018,17500,Manual,15207,Petrol,145,51.4,1.4
 A4,2017,15000,Manual,14864,Petrol,145,52.3,1.4
 A4,2019,25499,Semi-Auto,9000,Petrol,145,38.7,2
 A4,2019,25000,Manual,5000,Petrol,145,38.7,2
 Q2,2019,31000,Semi-Auto,4264,Petrol,145,33.2,2
 Q3,2019,28000,Manual,4000,Diesel,145,42.8,2
 Q3,2019,28000,Manual,4000,Petrol,145,42.2,1.5
 Q2,2019,21499,Manual,2721,Diesel,145,49.6,1.6
 Q2,2019,26000,Semi-Auto,4000,Petrol,145,42.2,1.5
 Q5,2016,30000,Semi-Auto,49649,Diesel,235,42.2,3
 A4,2017,17000,Manual,14068,Petrol,145,51.4,1.4
 A4,2017,14500,Manual,23092,Petrol,145,52.3,1.4
 Q3,2017,17500,Automatic,30682,Diesel,160,50.4,2
 A1,2016,10500,Manual,18272,Petrol,0,67.3,1
 Q2,2017,14800,Automatic,23714,Diesel,145,68.9,1.6
 A6,2016,12000,Automatic,71311,Diesel,30,61.4,2
 A6,2018,22000,Automatic,29477,Diesel,145,61.4,2
 Q5,2016,17800,Automatic,60551,Diesel,200,47.1,2
 A6,2017,19800,Automatic,42071,Diesel,30,61.4,2
 A7,2014,19500,Automatic,55774,Diesel,235,44.8,3
 A1,2016,9800,Manual,36462,Diesel,0,76.3,1.6
 A3,2016,15500,Manual,25376,Petrol,30,57.6,1.4
 A4,2017,16800,Automatic,39388,Diesel,145,67.3,2
 A3,2017,11500,Manual,64207,Diesel,20,67.3,2
 A1,2017,12100,Manual,49221,Petrol,145,55.4,1.4
 A1,2017,12700,Manual,27179,Diesel,0,76.3,1.6
 A4,2014,11700,Manual,31376,Diesel,125,58.9,2
 A5,2015,11500,Automatic,62668,Diesel,145,53.3,2
 A4,2017,17400,Manual,10001,Petrol,145,51.4,1.4
 A6,2016,16000,Automatic,52544,Diesel,30,61.4,2
 A4,2016,13100,Manual,63097,Petrol,125,49.6,2
 A6,2016,14700,Manual,72967,Diesel,30,61.4,2
 A5,2017,21100,Automatic,32771,Diesel,145,70.6,2
 Q3,2018,24400,Automatic,13303,Petrol,145,40.4,2
 A3,2019,18750,Manual,2752,Petrol,145,44.8,1.5
 Q3,2016,16500,Manual,23307,Diesel,160,49.6,2
 A1,2017,11000,Manual,34551,Petrol,150,67.3,1
 A3,2017,13400,Manual,25457,Diesel,150,68.9,1.6
 Q2,2018,20000,Manual,12167,Petrol,150,50.4,1.4
 A6,2015,15400,Automatic,23237,Diesel,20,67.3,2
 Q3,2016,15500,Automatic,11863,Diesel,160,50.4,2
 A4,2017,14800,Manual,21225,Diesel,145,72.4,2
 A6,2015,17100,Automatic,32083,Diesel,30,61.4,2
 Q5,2017,25750,Automatic,17039,Diesel,145,55.4,2
 A4,2016,11750,Manual,72026,Diesel,0,74.3,2
 A1,2017,11200,Manual,34824,Petrol,0,67.3,1
 A1,2017,12800,Manual,20351,Petrol,30,55.4,1.4
 A4,2017,16000,Automatic,58028,Petrol,145,52.3,2
 A5,2017,20000,Automatic,44783,Diesel,145,62.8,2
 A4,2014,11950,Manual,60604,Diesel,20,67.3,2
 A4,2013,9400,Manual,39998,Diesel,30,65.7,2
 A4,2017,20000,Automatic,20852,Diesel,30,65.7,2
 A6,2016,13300,Manual,79728,Diesel,30,64.2,2
 A6,2017,18500,Automatic,29095,Diesel,20,64.2,2
 A3,2013,8300,Manual,98940,Diesel,0,74.3,1.6
 A1,2016,13500,Manual,22780,Petrol,30,58.9,1.4
 A5,2018,19800,Manual,20832,Petrol,150,47.1,2
 Q3,2016,15400,Automatic,29196,Diesel,145,55.4,2
 A4,2017,13900,Manual,14392,Petrol,145,53.3,1.4
 A4,2018,15600,Manual,20070,Petrol,145,52.3,1.4
 A6,2016,16200,Automatic,89334,Diesel,30,62.8,3
 A1,2016,10600,Manual,21428,Petrol,0,67.3,1
 A4,2016,14300,Manual,45485,Diesel,20,70.6,2
 Q3,2016,14700,Manual,32704,Diesel,30,60.1,2
 Q3,2018,19100,Automatic,42209,Petrol,145,42.2,2
 A4,2017,18100,Manual,17278,Petrol,145,48.7,1.4
 A1,2017,11400,Manual,29515,Petrol,0,67.3,1
 A3,2014,11600,Manual,43662,Diesel,20,67.3,2
 A4,2017,17300,Automatic,45225,Diesel,145,62.8,2
 A6,2017,16400,Manual,45491,Diesel,30,61.4,2
 Q5,2014,17100,Manual,52267,Petrol,235,37.7,2
 A3,2014,11498,Semi-Auto,40807,Petrol,125,50.4,1.8
 Q3,2014,11698,Manual,65959,Diesel,160,49.6,2
 Q5,2014,18998,Semi-Auto,47648,Petrol,260,35.8,2
 Q5,2017,25498,Semi-Auto,27948,Petrol,145,40.9,2
 A4,2013,10498,Manual,31169,Petrol,145,49.6,1.8
 A4,2013,9498,Automatic,42011,Petrol,145,47.1,2
 A6,2015,19998,Semi-Auto,56115,Diesel,160,50.4,3
 A6,2015,16798,Semi-Auto,65835,Diesel,125,61.4,2
 A6,2017,23998,Semi-Auto,63383,Diesel,145,45.6,3
 Q5,2017,36998,Semi-Auto,34011,Petrol,145,34,3
 A5,2014,13998,Semi-Auto,52132,Diesel,160,49.6,3
 A4,2015,15995,Manual,38787,Diesel,145,55.4,2
 A1,2017,13495,Manual,34554,Petrol,150,55.4,1.4
 Q5,2017,30985,Semi-Auto,17502,Petrol,145,40.4,2
 TT,2019,29485,Automatic,3000,Petrol,145,40.9,2
 A6,2015,16985,Manual,34646,Diesel,30,61.4,2
 Q5,2017,26485,Semi-Auto,18000,Diesel,150,56.5,2
 Q3,2018,23985,Semi-Auto,17085,Petrol,150,47.9,1.4
 A1,2017,12485,Manual,48166,Diesel,20,72.4,1.6
 Q5,2015,22485,Semi-Auto,38421,Diesel,205,47.1,2
 A5,2015,16498,Manual,46637,Diesel,30,61.4,2
 A3,2016,11998,Manual,24468,Diesel,0,74.3,1.6
 Q5,2017,24985,Automatic,29343,Diesel,200,47.1,2
 A3,2019,17985,Manual,8449,Diesel,145,51.4,1.6
 A5,2017,20485,Manual,34679,Diesel,30,65.7,2
 A3,2018,16985,Semi-Auto,23860,Petrol,145,60.1,1
 A4,2018,30985,Automatic,21009,Petrol,145,35.8,3
 A6,2019,29985,Automatic,1881,Diesel,145,47.9,2
 A6,2019,27985,Semi-Auto,688,Diesel,145,47.9,2
 A6,2019,30985,Automatic,1863,Diesel,145,47.9,2
 Q7,2020,62985,Semi-Auto,10,Diesel,145,33.2,3
 RS6,2016,44985,Semi-Auto,49050,Petrol,325,29.4,4
 A4,2019,28985,Semi-Auto,1024,Petrol,145,38.7,2
 A4,2019,24985,Semi-Auto,448,Petrol,145,39.8,2
 A4,2019,26985,Semi-Auto,476,Petrol,145,39.2,2
 A7,2019,39985,Automatic,5201,Diesel,145,38.7,3
 A3,2019,21985,Semi-Auto,2028,Petrol,145,42.2,1.5
 A6,2019,45485,Automatic,3241,Diesel,145,39.2,3
 Q5,2019,33985,Automatic,355,Diesel,145,39.2,2
 A5,2019,28985,Automatic,18,Petrol,145,39.8,2
 A3,2019,29985,Automatic,3122,Petrol,145,41.5,1.5
 Q2,2019,28985,Manual,824,Petrol,145,40.9,1.5
 A6,2019,31985,Semi-Auto,2811,Diesel,145,47.9,2
 A6,2019,31985,Semi-Auto,27,Diesel,145,50.4,2
 A4,2019,29485,Semi-Auto,4254,Petrol,145,38.2,2
 A1,2019,17985,Semi-Auto,2252,Petrol,145,48.7,1
 Q2,2019,20985,Automatic,3422,Diesel,145,47.9,1.6
 Q2,2019,23685,Automatic,37,Diesel,145,47.9,1.6
 A4,2019,27985,Semi-Auto,7299,Petrol,145,38.2,2
 Q2,2019,27985,Semi-Auto,1414,Petrol,145,40.9,1.5
 Q5,2019,36985,Automatic,5135,Diesel,145,38.2,2
 Q5,2019,37985,Automatic,6024,Diesel,145,38.2,2
 Q5,2020,37985,Semi-Auto,10,Petrol,145,32.1,2
 Q7,2019,49985,Automatic,10,Diesel,145,33.2,3
 Q7,2019,59995,Automatic,10,Diesel,145,33.2,3
 Q5,2020,47895,Semi-Auto,10,Petrol,145,30.7,2
 A4,2020,31985,Semi-Auto,10,Petrol,145,42.2,2
 Q7,2015,29985,Automatic,47606,Diesel,200,47.9,3
 A1,2015,12485,Semi-Auto,26625,Petrol,30,57.6,1.4
 A5,2018,24985,Automatic,5071,Petrol,145,50.4,2
 A5,2015,21985,Semi-Auto,28011,Petrol,260,34.9,3
 Q3,2019,34985,Automatic,10,Diesel,145,47.1,2
 A5,2019,29985,Automatic,10,Diesel,145,51.4,2
 Q3,2019,34485,Automatic,10,Diesel,145,47.1,2
 A1,2019,19685,Manual,10,Petrol,145,49.6,1
 A4,2019,34985,Automatic,10,Diesel,145,53.3,2
 A7,2019,43885,Semi-Auto,10,Diesel,145,38.2,3
 A6,2019,35895,Automatic,2000,Diesel,145,47.9,2
 Q2,2019,26985,Automatic,10,Petrol,145,43.5,1.5
 A6,2019,46985,Automatic,3510,Diesel,145,36.2,3
 A3,2019,23985,Automatic,10,Petrol,145,44.8,1.5
 A5,2019,28985,Automatic,10,Petrol,145,39.8,2
 A5,2019,27985,Automatic,1010,Petrol,145,39.8,2
 A6,2019,28985,Semi-Auto,500,Diesel,145,47.9,2
 A4,2019,29985,Automatic,10,Petrol,145,42.8,2
 A3,2019,21995,Manual,10,Diesel,145,54.3,1.6
 A5,2019,31985,Automatic,10,Petrol,145,39.8,2
 A5,2019,32485,Automatic,10,Diesel,145,51.4,2
 A3,2019,21285,Manual,10,Diesel,145,51.4,1.6
 Q7,2019,56985,Automatic,1510,Diesel,145,33.2,3
 RS3,2019,43785,Semi-Auto,10,Petrol,145,30.1,2.5
 A4,2016,18498,Semi-Auto,29845,Petrol,160,45.6,2
 A3,2014,14995,Semi-Auto,27355,Petrol,160,42.8,1.8
 A4,2016,17998,Manual,20885,Diesel,30,64.2,2
 A3,2014,10985,Automatic,10534,Petrol,30,56.5,1.2
 A3,2016,12995,Manual,25895,Diesel,20,70.6,2
 A1,2016,11495,Manual,32867,Petrol,0,67.3,1
 Q5,2015,18295,Semi-Auto,42793,Diesel,205,47.1,2
 A6,2015,18998,Semi-Auto,49039,Diesel,160,50.4,3
 Q2,2017,18485,Manual,22501,Diesel,145,64.2,1.6
 A8,2017,38985,Automatic,1420,Diesel,145,50.4,3
 A5,2019,29485,Automatic,10,Petrol,145,40.4,2
 A5,2017,22998,Semi-Auto,26939,Diesel,145,62.8,2
 A8,2014,18998,Semi-Auto,24786,Diesel,205,47.9,3
 A4,2017,17698,Manual,18761,Petrol,145,51.4,1.4
 A5,2019,27995,Automatic,10,Petrol,145,40.4,2
 Q3,2019,31985,Manual,10,Diesel,145,42.8,2
 A4,2019,30995,Automatic,10,Petrol,145,38.7,2
 A3,2017,18998,Semi-Auto,22295,Petrol,30,56.5,1.4
 Q2,2017,16995,Manual,18068,Petrol,145,52.3,1.4
 A3,2018,19995,Manual,25000,Petrol,150,42.2,1.5
 Q2,2017,14495,Manual,23043,Petrol,150,55.4,1
 A5,2014,12998,Semi-Auto,80902,Diesel,125,60.1,2
 A4,2019,32485,Automatic,10,Diesel,145,50.4,2
 A1,2019,20485,Manual,10,Petrol,145,48.7,1
 Q3,2019,34485,Automatic,10,Diesel,145,47.1,2
 Q3,2016,18698,Manual,26474,Diesel,145,52.3,2
 Q5,2013,15998,Semi-Auto,65458,Diesel,235,44.1,3
 TT,2018,16498,Manual,34170,Petrol,150,47.1,1.8
 Q5,2019,31998,Semi-Auto,100,Petrol,145,33.2,2
 Q3,2019,35985,Automatic,650,Diesel,145,47.1,2
 Q5,2019,37985,Automatic,10,Diesel,145,38.2,2
 Q5,2019,31998,Semi-Auto,10,Petrol,145,33.2,2
 A4,2019,18998,Manual,2928,Petrol,145,41.5,2
 Q3,2018,19485,Manual,7157,Petrol,145,51.4,1.4
 Q3,2016,19995,Semi-Auto,31600,Diesel,160,50.4,2
 Q7,2016,47995,Semi-Auto,46600,Diesel,300,39.2,4
 A3,2019,23485,Manual,10,Diesel,145,56.5,2
 A5,2018,23998,Semi-Auto,14078,Petrol,145,45.6,2
 A5,2015,17998,Manual,13312,Diesel,125,57.6,2
 A6,2018,28985,Semi-Auto,10,Diesel,145,50.4,2
 RS6,2015,46000,Semi-Auto,20982,Petrol,325,29.4,4
 A6,2018,26995,Semi-Auto,15600,Diesel,145,50.4,2
 A6,2019,33985,Automatic,5429,Diesel,145,47.9,2
 Q2,2019,30985,Automatic,2710,Petrol,145,40.9,1.5
 Q7,2019,52985,Automatic,6423,Diesel,145,33.2,3
 A1,2017,12698,Manual,11017,Petrol,150,67.3,1
 Q3,2017,17298,Manual,16908,Petrol,125,51.4,1.4
 A4,2017,16498,Manual,28801,Petrol,125,49.6,2
 A4,2017,16798,Manual,23362,Petrol,145,50.4,1.4
 Q5,2013,15998,Manual,50025,Petrol,235,37.7,2
 Q8,2018,63985,Semi-Auto,8450,Diesel,145,32.8,3
 A6,2018,27985,Semi-Auto,1790,Diesel,145,50.4,2
 A4,2018,19485,Semi-Auto,10,Petrol,145,53.3,1.4
 A4,2018,20985,Manual,10,Petrol,145,52.3,1.4
 A3,2018,22285,Automatic,6754,Diesel,145,52.3,1.6
 Q3,2014,14500,Semi-Auto,35423,Diesel,200,47.9,2
 A3,2017,25000,Semi-Auto,16703,Petrol,200,41.5,2
 Q3,2017,15800,Manual,37203,Petrol,125,51.4,1.4
 A3,2013,13500,Semi-Auto,44405,Diesel,125,58.9,2
 Q3,2014,12000,Manual,79389,Diesel,165,50.4,2
 A3,2015,13800,Semi-Auto,61808,Diesel,125,57.6,2
 A1,2016,11000,Manual,10491,Petrol,0,67.3,1
 A3,2018,19995,Manual,19000,Petrol,150,49.6,2
 A1,2016,11650,Manual,18900,Petrol,0,67.3,1
 A3,2014,11850,Manual,50900,Diesel,20,68.9,2
 A6,2013,12495,Manual,49000,Diesel,325,29.7,2
 A1,2015,15995,Manual,23081,Petrol,235,39.8,2
 Q7,2020,82995,Semi-Auto,826,Diesel,145,29.4,4
 A4,2019,25990,Semi-Auto,5987,Petrol,145,38.2,2
 A6,2019,30995,Semi-Auto,2977,Diesel,145,47.9,2
 Q5,2019,34985,Automatic,7573,Diesel,145,39.2,2
 Q3,2019,31995,Manual,3055,Diesel,145,42.8,2
 A4,2019,29985,Automatic,22,Petrol,145,38.7,2
 A4,2019,28485,Automatic,2250,Diesel,145,51.4,2
 Q5,2016,21498,Semi-Auto,20547,Diesel,200,47.1,2
 Q5,2019,32895,Automatic,10,Diesel,145,39.2,2
 A5,2016,22998,Semi-Auto,18828,Petrol,260,35.8,3
 Q5,2019,35998,Semi-Auto,28,Petrol,145,32.1,2
 Q7,2016,29985,Automatic,38654,Diesel,200,47.9,3
 A3,2014,16485,Manual,25764,Petrol,200,40.4,2
 TT,2016,19485,Manual,28402,Diesel,30,62.8,2
 A1,2015,13495,Manual,17152,Petrol,30,56.5,1.4
 A3,2016,14995,Manual,29775,Petrol,20,60.1,1.4
 Q5,2017,39995,Semi-Auto,7801,Petrol,145,34,3
 Q5,2015,22990,Semi-Auto,60599,Diesel,240,42.8,3
 A1,2017,12495,Manual,20670,Petrol,30,57.6,1.4
 A3,2019,24985,Automatic,2257,Diesel,145,52.3,1.6
 A3,2019,24485,Manual,4039,Diesel,145,51.4,1.6
 A3,2016,16485,Manual,21241,Petrol,125,52.3,1.4
 Q3,2016,20485,Manual,16945,Diesel,160,49.6,2
 A4,2018,24985,Automatic,18010,Petrol,145,49.6,1.4
 A4,2017,19995,Semi-Auto,29653,Diesel,145,62.8,2
 A5,2014,16000,Semi-Auto,75159,Petrol,260,34.9,3
 Q3,2014,14998,Semi-Auto,33842,Diesel,200,47.9,2
 A3,2015,13995,Manual,42977,Diesel,20,67.3,2
 A4,2019,27990,Semi-Auto,26,Diesel,145,47.9,2
 A1,2016,11995,Manual,17454,Petrol,0,67.3,1
 A3,2018,15995,Manual,17547,Petrol,150,56.5,1.5
 A3,2020,35995,Semi-Auto,314,Petrol,150,34.9,2
 A1,2016,13585,Manual,25010,Petrol,30,58.9,1.4
 A6,2019,31985,Semi-Auto,3278,Diesel,145,47.9,2
 A7,2019,32985,Automatic,1285,Diesel,145,39.2,3
 A6,2019,30985,Automatic,4445,Diesel,145,47.9,2
 A4,2020,34798,Semi-Auto,6998,Petrol,145,38.2,2
 A4,2020,40780,Semi-Auto,6746,Diesel,145,45.6,2
 Q7,2015,34995,Semi-Auto,21245,Diesel,205,47.9,3
 A4,2017,18995,Manual,27394,Diesel,30,64.2,2
 A1,2016,12995,Manual,29283,Petrol,0,67.3,1
 A1,2016,14495,Manual,20905,Petrol,30,56.5,1.4
 A1,2017,12995,Manual,24386,Petrol,0,67.3,1
 TT,2017,24995,Semi-Auto,11621,Petrol,150,42.8,2
 A3,2019,20985,Semi-Auto,3409,Petrol,145,43.5,1.5
 Q5,2016,31995,Semi-Auto,30172,Diesel,240,42.2,3
 A4,2015,13995,Manual,27016,Diesel,30,62.8,2
 A4,2020,31985,Manual,7456,Petrol,145,40.9,2
 A6,2019,29490,Semi-Auto,20,Diesel,145,55.4,3
 A4,2019,20495,Semi-Auto,4781,Petrol,150,40.9,2
 Q3,2016,21995,Semi-Auto,40254,Petrol,205,40.4,2
 TT,2019,24995,Semi-Auto,12320,Petrol,150,40.9,2
 Q2,2018,23995,Manual,16534,Petrol,150,49.6,1.4
 Q3,2017,22995,Semi-Auto,20075,Petrol,150,42.2,2
 A3,2016,15995,Manual,14401,Petrol,20,60.1,1
 A3,2016,19995,Semi-Auto,19430,Petrol,145,47.9,2
 RS4,2013,26995,Semi-Auto,28359,Petrol,565,26.4,4.2
 Q8,2019,49995,Semi-Auto,16385,Diesel,150,33.6,3
 A1,2014,11995,Manual,24764,Diesel,0,74.3,1.6
 A1,2014,11995,Manual,26141,Petrol,125,53.3,1.4
 A5,2020,37331,Semi-Auto,7532,Petrol,145,39.2,2
 A5,2020,39454,Semi-Auto,7925,Diesel,145,45.6,2
 A5,2020,37507,Semi-Auto,7639,Petrol,145,39.8,2
 Q3,2020,33462,Semi-Auto,7914,Diesel,145,48.7,2
 Q5,2018,30995,Semi-Auto,15706,Petrol,145,40.4,2
 A4,2019,25990,Manual,4598,Petrol,145,38.2,2
 A8,2018,38995,Semi-Auto,6588,Diesel,145,48.7,3
 Q7,2016,31995,Semi-Auto,48248,Diesel,205,47.9,3
 A3,2019,30995,Semi-Auto,4549,Petrol,150,34.5,2
 A1,2019,18995,Manual,7564,Petrol,145,51.4,1
 A8,2018,41995,Semi-Auto,11276,Diesel,145,48.7,3
 A4,2016,19995,Manual,20141,Diesel,30,67.3,2
 A3,2016,16995,Manual,16555,Petrol,20,60.1,1.4
 A1,2017,14495,Manual,8608,Petrol,145,67.3,1
 Q3,2017,19995,Manual,18380,Petrol,145,49.6,1.4
 Q3,2017,23995,Semi-Auto,27136,Petrol,145,40.4,2
 A3,2016,13995,Manual,36409,Petrol,20,60.1,1.4
 A6,2017,27995,Semi-Auto,35219,Diesel,150,50.4,3
 Q5,2018,33995,Semi-Auto,10252,Petrol,150,40.4,2
 A3,2018,17490,Manual,16380,Diesel,145,67.3,1.6
 A3,2015,14990,Semi-Auto,30530,Diesel,30,64.2,2
 Q5,2016,30995,Semi-Auto,37129,Diesel,235,42.2,3
 A3,2017,13995,Manual,36400,Petrol,20,61.4,1.4
 Q7,2018,47995,Semi-Auto,8618,Diesel,145,32.8,3
 Q2,2018,21995,Manual,9634,Petrol,145,50.4,1.4
 Q2,2017,19995,Semi-Auto,18355,Diesel,145,68.9,1.6
 Q5,2017,26995,Semi-Auto,28604,Petrol,145,40.9,2
 A1,2017,15995,Manual,15187,Diesel,145,76.3,1.6
 A5,2015,18990,Semi-Auto,43417,Diesel,160,50.4,2
 A8,2018,35995,Semi-Auto,12195,Diesel,145,50.4,3
 A5,2018,27995,Semi-Auto,12686,Diesel,145,58.9,3
 A1,2019,23995,Semi-Auto,5356,Petrol,145,44.1,1.5
 A4,2020,31265,Semi-Auto,7963,Petrol,145,41.5,2
 A5,2020,36312,Semi-Auto,7423,Diesel,145,51.4,2
 A1,2017,13995,Manual,12148,Petrol,145,67.3,1
 Q5,2016,31995,Semi-Auto,44525,Diesel,235,42.2,3
 Q3,2016,18495,Manual,20952,Diesel,145,55.4,2
 A6,2019,33490,Semi-Auto,4582,Diesel,145,39.2,3
 Q5,2014,19995,Manual,36970,Diesel,200,47.9,2
 Q3,2015,17995,Manual,38244,Petrol,145,49.6,1.4
 Q7,2015,31995,Semi-Auto,26407,Diesel,200,47.9,3
 Q2,2019,23995,Manual,6484,Diesel,145,49.6,1.6
 A3,2019,20995,Manual,3325,Diesel,145,49.6,1.6
 Q3,2017,24995,Semi-Auto,9078,Petrol,145,40.4,2
 A1,2017,12995,Manual,22427,Petrol,145,67.3,1
 A4,2015,14995,Semi-Auto,41755,Diesel,150,53.3,2
 A3,2015,12490,Semi-Auto,35455,Petrol,30,58.9,1.4
 A3,2017,14298,Manual,14607,Petrol,20,60.1,1
 A1,2016,11498,Manual,24952,Petrol,30,55.4,1.4
 A5,2014,11998,Manual,49640,Diesel,30,64.2,2
 Q3,2017,19998,Manual,21576,Petrol,145,49.6,1.4
 Q5,2017,27995,Semi-Auto,20870,Diesel,145,55.4,2
 A4,2017,19995,Semi-Auto,30300,Diesel,30,62.8,2
 Q3,2016,19995,Manual,22353,Diesel,160,49.6,2
 Q3,2016,19995,Semi-Auto,23205,Diesel,145,55.4,2
 A1,2017,13995,Manual,15361,Petrol,30,55.4,1.4
 A6,2019,29995,Semi-Auto,8598,Diesel,145,47.9,2
 A3,2019,19990,Semi-Auto,6000,Diesel,145,52.3,1.6
 A3,2019,19990,Semi-Auto,5199,Diesel,145,52.3,1.6
 A1,2018,14995,Manual,15092,Petrol,145,57.7,1.4
 A3,2017,36990,Semi-Auto,3059,Petrol,145,43.5,2
 TT,2016,24995,Semi-Auto,28475,Petrol,200,40.9,2
 A3,2013,11490,Manual,35804,Petrol,30,54.3,1.4
 A3,2017,18495,Manual,24000,Petrol,30,60.1,1.4
 Q7,2019,46990,Semi-Auto,3264,Diesel,145,33.6,3
 A3,2019,23995,Semi-Auto,2868,Diesel,145,52.3,1.6
 A4,2019,27990,Semi-Auto,6541,Diesel,145,47.9,2
 Q5,2019,36990,Semi-Auto,4511,Diesel,145,38.2,2
 Q3,2017,18995,Semi-Auto,27057,Petrol,145,47.9,1.4
 A4,2013,12990,Manual,42185,Diesel,145,55.4,2
 Q5,2015,17995,Semi-Auto,59120,Diesel,200,47.1,2
 A5,2016,16498,Semi-Auto,41431,Diesel,160,52.3,2
 Q5,2019,31998,Semi-Auto,30,Petrol,145,33.2,2
 Q5,2019,36995,Semi-Auto,5065,Diesel,145,38.2,2
 Q5,2019,36995,Semi-Auto,4638,Diesel,145,38.2,2
 RS6,2017,57995,Semi-Auto,34926,Petrol,325,29.4,4
 Q2,2018,22890,Semi-Auto,4642,Diesel,145,46.3,1.6
 A6,2015,16995,Semi-Auto,29558,Diesel,20,67.3,2
 A6,2019,33298,Semi-Auto,4899,Diesel,145,47.9,2
 A3,2017,15995,Manual,17000,Petrol,20,60.1,1.4
 A4,2017,20995,Semi-Auto,51204,Diesel,145,56.5,2
 A3,2013,14995,Semi-Auto,38776,Petrol,30,56.5,1.4
 Q3,2017,19995,Manual,21972,Petrol,145,49.6,1.4
 TT,2018,39995,Semi-Auto,17648,Petrol,145,34.5,2.5
 Q2,2017,22995,Semi-Auto,5674,Petrol,145,52.3,1.4
 A5,2017,24995,Semi-Auto,22086,Diesel,145,62.8,2
 A8,2019,39995,Semi-Auto,10090,Petrol,145,37.7,3
 Q3,2015,19995,Semi-Auto,20825,Petrol,145,47.9,1.4
 A1,2015,12995,Manual,20042,Petrol,30,57.6,1.4
 Q2,2019,22663,Manual,3657,Diesel,145,49.6,1.6
 Q2,2019,24368,Manual,4502,Diesel,145,47.9,1.6
 A4,2017,19495,Semi-Auto,31214,Diesel,30,67.3,2
 Q2,2018,19990,Manual,16414,Petrol,145,50.4,1.4
 Q2,2018,21495,Manual,27198,Petrol,145,50.4,1.4
 A3,2018,28995,Semi-Auto,17166,Petrol,145,43.5,2
 A3,2018,26990,Semi-Auto,18283,Petrol,145,44.1,2
 Q5,2018,27995,Semi-Auto,15076,Diesel,145,56.5,2
 Q5,2017,25995,Semi-Auto,29330,Diesel,145,56.5,2
 Q2,2017,19995,Manual,25520,Petrol,145,50.4,1.4
 A4,2020,38534,Semi-Auto,7521,Diesel,145,49.6,2
 A7,2019,41995,Semi-Auto,933,Diesel,145,45.6,2
 A3,2019,19990,Semi-Auto,6018,Diesel,145,52.3,1.6
 A3,2019,18495,Manual,11330,Petrol,145,42.8,1.5
 Q5,2016,33995,Semi-Auto,23478,Diesel,235,42.2,3
 Q2,2017,18995,Manual,17872,Diesel,145,64.2,1.6
 A5,2019,30709,Semi-Auto,4327,Petrol,145,39.8,2
 Q7,2019,48136,Semi-Auto,4813,Diesel,145,33.2,3
 Q2,2019,24365,Manual,3578,Diesel,145,47.9,1.6
 A6,2019,33295,Semi-Auto,4196,Diesel,145,47.9,2
 A1,2015,13995,Manual,32065,Petrol,30,55.4,1.4
 A8,2017,28995,Semi-Auto,15072,Diesel,200,47.1,3
 Q3,2017,16490,Manual,50286,Diesel,145,61.4,2
 Q3,2017,23995,Semi-Auto,25667,Petrol,145,40.4,2
 Q7,2017,35995,Semi-Auto,33165,Diesel,200,47.9,3
 Q2,2017,19995,Manual,27078,Petrol,125,50.4,1.4
 Q2,2017,19995,Manual,29874,Petrol,125,50.4,1.4
 Q5,2015,21995,Semi-Auto,28977,Diesel,200,47.1,2
 Q3,2016,21995,Semi-Auto,28526,Diesel,160,50.4,2
 Q3,2017,22995,Manual,14068,Diesel,145,54.3,2
 A3,2018,18990,Manual,6321,Petrol,145,50.4,2
 A8,2018,40990,Semi-Auto,4440,Petrol,145,37.7,3
 A3,2019,23995,Manual,2085,Diesel,145,51.4,1.6
 Q5,2019,37995,Semi-Auto,2712,Diesel,145,38.2,2
 A6,2019,33410,Semi-Auto,3968,Diesel,145,47.9,2
 Q2,2019,22997,Manual,6921,Petrol,145,47.1,1
 A3,2015,14995,Manual,50062,Petrol,30,57.6,1.2
 A1,2015,11995,Manual,31500,Petrol,30,57.6,1.4
 A1,2015,12995,Manual,21807,Petrol,30,57.6,1.4
 A5,2019,27990,Semi-Auto,7215,Diesel,145,46.3,2
 A6,2019,29990,Semi-Auto,5397,Diesel,145,50.4,2
 A3,2019,23377,Manual,4963,Petrol,145,42.8,1.5
 A3,2017,25995,Manual,13688,Petrol,200,40.4,2
 A3,2017,18995,Semi-Auto,19735,Petrol,30,57.6,1.4
 Q3,2017,20995,Semi-Auto,22175,Petrol,145,47.9,1.4
 A4,2018,23995,Semi-Auto,13907,Petrol,145,49.6,1.4
 A1,2018,14495,Manual,20106,Petrol,145,67.3,1
 Q5,2018,30995,Semi-Auto,7891,Petrol,145,40.9,2
 A4,2019,26490,Semi-Auto,4836,Diesel,145,48.7,2
 A5,2019,34259,Manual,4587,Petrol,145,37.2,2
 A5,2019,35131,Manual,5721,Petrol,145,37.2,2
 Q7,2019,50414,Semi-Auto,4236,Diesel,145,33.2,3
 Q5,2015,21995,Semi-Auto,18188,Diesel,200,47.1,2
 A5,2016,16995,Manual,41497,Diesel,125,57.6,2
 A1,2016,14995,Manual,13961,Petrol,30,58.9,1.4
 A6,2019,30990,Semi-Auto,10852,Diesel,145,47.9,2
 A3,2019,18490,Manual,10059,Petrol,145,43.5,1.5
 A3,2019,18490,Manual,5985,Petrol,145,43.5,1.5
 A4,2019,26490,Semi-Auto,6214,Petrol,145,38.7,2
 RS5,2019,59995,Semi-Auto,5089,Petrol,145,30.1,2.9
 Q2,2019,24995,Manual,2756,Petrol,145,42.2,1
 A6,2019,29490,Semi-Auto,4982,Diesel,145,47.9,2
 A4,2016,17495,Semi-Auto,41505,Diesel,20,67.3,2
 Q3,2017,20995,Semi-Auto,26494,Petrol,145,47.9,1.4
 A1,2017,14495,Manual,23655,Petrol,30,55.4,1.4
 RS5,2019,58995,Semi-Auto,3382,Petrol,145,30.1,2.9
 A3,2018,19995,Manual,17789,Petrol,145,54.3,1.5
 A6,2019,33640,Semi-Auto,5023,Diesel,145,47.9,2
 A6,2019,53939,Semi-Auto,6238,Diesel,145,37.7,3
 A5,2019,30719,Semi-Auto,4520,Petrol,145,39.8,2
 A5,2019,30197,Semi-Auto,5210,Petrol,145,39.8,2
 A5,2019,27022,Semi-Auto,3256,Petrol,145,40.4,2
 A4,2019,37560,Semi-Auto,5201,Diesel,145,44.1,2
 Q7,2019,49990,Semi-Auto,28,Diesel,145,33.6,3
 A1,2017,12495,Manual,25747,Petrol,0,67.3,1
 A1,2017,14995,Manual,27000,Petrol,145,55.4,1.4
 Q5,2016,24490,Semi-Auto,51562,Diesel,235,42.8,3
 A3,2016,13995,Manual,40030,Diesel,0,83.1,1.6
 A6,2016,19495,Semi-Auto,43099,Diesel,145,56.5,2
 Q2,2017,17995,Manual,18842,Petrol,145,55.4,1
 A4,2016,19995,Semi-Auto,31894,Diesel,30,64.2,3
 A5,2019,30728,Semi-Auto,5712,Diesel,145,51.4,2
 A5,2015,18995,Semi-Auto,38540,Diesel,125,58.9,2
 A1,2017,13995,Manual,25552,Petrol,30,56.5,1.4
 A7,2015,18495,Semi-Auto,72283,Diesel,145,54.3,3
 Q5,2016,34995,Semi-Auto,22809,Diesel,235,42.2,3
 A3,2017,19995,Manual,16103,Diesel,145,65.7,2
 A1,2016,13495,Manual,23745,Petrol,30,57.6,1.4
 TT,2016,16995,Manual,29593,Diesel,30,62.8,2
 A1,2014,13995,Semi-Auto,15300,Petrol,125,53.3,1.4
 Q3,2018,25995,Semi-Auto,9185,Petrol,145,48.7,1.4
 Q2,2019,25995,Manual,1592,Petrol,145,39.2,1.5
 A1,2016,10995,Manual,45644,Diesel,0,80.7,1.6
 Q8,2019,48995,Semi-Auto,4488,Diesel,145,33.6,3
 Q5,2016,33995,Semi-Auto,29156,Diesel,235,42.2,3
 A1,2015,12298,Manual,15837,Petrol,30,58.9,1.4
 Q3,2016,15998,Manual,15264,Diesel,30,61.4,2
 Q2,2018,18998,Manual,8211,Diesel,150,49.6,1.6
 Q2,2017,21995,Manual,10962,Petrol,145,50.4,1.4
 Q5,2016,28995,Semi-Auto,42187,Diesel,235,42.8,3
 A1,2017,15995,Manual,8128,Petrol,30,55.4,1.4
 A4,2016,13985,Manual,55697,Diesel,20,70.6,2
 Q3,2015,13995,Manual,35446,Diesel,145,54.3,2
 Q3,2016,18499,Semi-Auto,30366,Diesel,160,50.4,2
 Q5,2017,27498,Semi-Auto,32090,Petrol,145,40.4,2
 Q3,2015,15998,Semi-Auto,19300,Petrol,145,47.9,1.4
 A4,2016,13998,Manual,37478,Diesel,0,74.3,2
 A3,2019,24998,Semi-Auto,6266,Petrol,145,38.2,2
 A1,2016,13995,Manual,8577,Petrol,30,55.4,1.4
 A3,2018,18995,Manual,13147,Diesel,145,67.3,1.6
 A6,2017,22995,Semi-Auto,24336,Diesel,145,61.4,2
 Q2,2018,17495,Manual,23813,Petrol,145,55.4,1
 Q2,2017,21995,Semi-Auto,17633,Petrol,145,52.3,1.4
 A6,2015,16995,Semi-Auto,55220,Diesel,30,64.2,2
 Q5,2017,22995,Semi-Auto,47952,Diesel,145,56.5,2
 Q5,2014,19995,Semi-Auto,50500,Diesel,235,44.1,3
 A1,2016,15495,Manual,31147,Petrol,30,56.5,1.4
 Q2,2019,25998,Semi-Auto,79,Diesel,150,46.3,2
 A5,2015,14500,Semi-Auto,56875,Diesel,150,53.3,2
 A5,2015,18995,Manual,37056,Diesel,160,53.3,2
 RS3,2018,39995,Semi-Auto,5431,Petrol,145,34,2.5
 A1,2016,13995,Manual,31031,Petrol,30,56.5,1.4
 A4,2015,17995,Semi-Auto,34906,Diesel,160,49.6,3
 A4,2017,21995,Semi-Auto,14821,Diesel,145,64.2,3
 A1,2016,15495,Manual,15307,Petrol,30,55.4,1.4
 A4,2016,19995,Semi-Auto,23626,Petrol,160,45.6,2
 A1,2016,12995,Manual,11892,Petrol,0,67.3,1
 A1,2016,12995,Manual,42165,Petrol,30,56.5,1.4
 A3,2019,31795,Semi-Auto,3036,Petrol,145,34.5,2
 A4,2019,39995,Semi-Auto,2703,Diesel,145,40.9,3
 Q7,2016,48995,Automatic,41032,Diesel,300,39.2,4
 A3,2018,21495,Manual,8545,Diesel,145,53.3,1.6
 A3,2016,13498,Manual,30287,Petrol,20,60.1,1.4
 A3,2016,14998,Manual,1893,Petrol,20,60.1,1.4
 A4,2017,16998,Manual,6896,Petrol,145,52.3,1.4
 TT,2016,15498,Manual,34084,Diesel,30,62.8,2
 A4,2017,13985,Semi-Auto,84222,Diesel,20,68.9,2
 A3,2015,10385,Manual,68428,Diesel,0,83.1,1.6
 Q5,2018,37500,Semi-Auto,20283,Petrol,150,34,3
 A4,2016,11500,Manual,56235,Diesel,0,74.3,2
 A8,2017,24500,Semi-Auto,37492,Diesel,205,47.1,3
 Q5,2015,21500,Semi-Auto,66959,Diesel,265,41.5,3
 Q5,2014,16000,Manual,46622,Diesel,205,47.9,2
 A6,2013,11995,Semi-Auto,40003,Diesel,145,56.5,2
 Q5,2018,38900,Semi-Auto,20300,Petrol,145,34,3
 A5,2019,24498,Semi-Auto,50,Petrol,145,40.4,2
 Q2,2016,19995,Manual,23426,Petrol,125,50.4,1.4
 A3,2015,14995,Semi-Auto,46465,Petrol,30,54.3,1.4
 Q5,2018,29995,Semi-Auto,14600,Diesel,145,55.4,2
 A1,2019,23995,Manual,3232,Petrol,145,50.4,1
 A1,2017,15995,Manual,16086,Petrol,30,55.4,1.4
 A1,2017,13995,Manual,15981,Petrol,145,57.6,1.4
 A7,2018,38995,Semi-Auto,6850,Diesel,145,38.2,3
 A3,2017,18995,Manual,16668,Diesel,145,70.6,1.6
 A7,2018,35995,Semi-Auto,13082,Petrol,145,39.8,3
 A3,2019,18995,Semi-Auto,10522,Petrol,145,43.5,1.5
 A3,2018,19995,Manual,12795,Petrol,145,47.1,1
 Q5,2018,34995,Automatic,8250,Diesel,145,38.2,2
 Q2,2019,23995,Automatic,5859,Diesel,145,47.9,1.6
 A4,2019,37995,Automatic,8235,Diesel,145,44.1,2
 Q3,2019,35995,Manual,5356,Diesel,145,40.9,2
 A6,2019,34995,Automatic,5565,Diesel,145,47.9,2
 A4,2017,16498,Manual,13122,Petrol,145,52.3,1.4
 Q2,2019,26495,Manual,2940,Petrol,145,39.2,1.5
 Q5,2016,21995,Semi-Auto,26500,Diesel,200,47.1,2
 A8,2020,52995,Semi-Auto,1100,Diesel,145,40.4,3
 Q5,2018,30995,Semi-Auto,24408,Petrol,145,40.4,2
 RS4,2020,69995,Semi-Auto,2200,Petrol,145,28.8,2.9
 A7,2020,51995,Semi-Auto,500,Diesel,145,38.7,3
 A4,2016,21995,Semi-Auto,47600,Diesel,145,56.5,2
 A3,2018,22995,Automatic,17252,Petrol,145,56.5,1.5
 A5,2017,19945,Semi-Auto,49287,Diesel,145,62.8,2
 A5,2017,22945,Semi-Auto,47446,Diesel,145,62.8,2
 A5,2017,22990,Semi-Auto,14589,Diesel,30,65.7,2
 A4,2016,13995,Manual,41279,Diesel,0,74.3,2
 Q7,2018,60995,Automatic,3893,Diesel,145,39.2,4
 A8,2017,38995,Automatic,3338,Diesel,145,50.4,3
 Q5,2018,42995,Automatic,4286,Petrol,145,34,3
 Q5,2018,28995,Automatic,22913,Diesel,145,56.5,2
 Q5,2019,36995,Semi-Auto,4125,Diesel,145,38.2,2
 Q3,2019,34995,Semi-Auto,4000,Petrol,145,31.7,2
 Q5,2019,38495,Semi-Auto,5123,Diesel,145,38.2,2
 A4,2019,43495,Automatic,5000,Diesel,145,40.9,3
 A5,2019,34995,Automatic,6500,Diesel,145,46.3,2
 Q5,2017,35995,Semi-Auto,29832,Petrol,145,34,3
 Q2,2017,21495,Manual,11125,Petrol,125,50.4,1.4
 Q5,2019,36995,Automatic,11565,Diesel,145,38.2,2
 A3,2019,22995,Automatic,10434,Petrol,145,42.2,1.5
 A3,2016,11990,Manual,61332,Diesel,20,68.9,2
 A1,2016,11498,Manual,22669,Petrol,30,57.6,1.4
 Q3,2016,19498,Manual,14419,Diesel,145,52.3,2
 A1,2015,10698,Manual,37458,Petrol,30,55.4,1.4
 A1,2014,11998,Manual,23015,Petrol,20,60.1,1.4
 A6,2016,22500,Semi-Auto,26784,Diesel,150,54.3,2
 Q5,2019,35995,Automatic,7256,Diesel,145,38.2,2
 TT,2016,17995,Manual,24256,Petrol,145,47.1,1.8
 A4,2018,28995,Semi-Auto,11047,Diesel,145,56.5,2
 A4,2017,22995,Semi-Auto,19444,Diesel,125,57.6,2
 Q3,2017,17995,Manual,30123,Petrol,125,51.4,1.4
 A4,2019,25995,Manual,7422,Petrol,145,39.2,2
 A4,2016,24495,Automatic,40688,Petrol,160,42.8,2
 Q3,2019,38995,Semi-Auto,5454,Petrol,145,30.7,2
 A3,2019,19995,Manual,12785,Petrol,145,42.8,1.5
 A6,2019,42995,Automatic,7486,Diesel,145,39.2,3
 A5,2019,36995,Automatic,9256,Diesel,145,45.6,2
 A4,2019,29995,Automatic,13690,Diesel,145,47.9,2
 Q3,2016,20495,Semi-Auto,25125,Diesel,160,50.4,2
 Q5,2019,34995,Automatic,6400,Diesel,145,38.2,2
 A3,2019,19495,Manual,3265,Petrol,145,47.1,1
 Q3,2017,22995,Semi-Auto,17680,Petrol,145,42.2,2
 A1,2016,11995,Manual,38502,Petrol,30,57.6,1.4
 A1,2016,12995,Manual,36276,Petrol,30,55.4,1.4
 Q7,2017,49995,Automatic,23437,Diesel,300,39.2,4
 Q5,2017,25995,Semi-Auto,20364,Diesel,145,56.5,2
 A1,2016,11995,Manual,22606,Petrol,30,57.6,1.4
 A4,2020,29995,Semi-Auto,100,Petrol,150,39.2,2
 RS4,2019,52995,Semi-Auto,8503,Diesel,150,33.6,2.9
 Q2,2019,28995,Semi-Auto,1296,Petrol,150,34.5,2
 A5,2016,16995,Manual,26307,Diesel,125,60.1,2
 Q7,2016,33995,Semi-Auto,34685,Diesel,200,47.9,3
 A5,2016,18995,Manual,34728,Diesel,125,57.6,2
 A1,2017,14995,Manual,24427,Petrol,145,55.4,1.4
 A1,2017,12995,Manual,16763,Petrol,145,55.4,1.4
 Q2,2017,15995,Manual,38484,Petrol,145,55.4,1
 Q7,2017,52995,Semi-Auto,16837,Diesel,145,39.2,4
 Q2,2017,19995,Automatic,33523,Diesel,145,58.9,2
 A4,2017,17298,Manual,6402,Petrol,145,52.3,1.4
 A4,2016,15998,Manual,21944,Petrol,125,49.6,2
 TT,2015,16498,Manual,19383,Petrol,165,46.3,2
 A6,2019,25998,Semi-Auto,19118,Diesel,145,47.9,2
 Q3,2019,38995,Semi-Auto,4436,Petrol,150,32.1,2
 Q8,2019,83995,Semi-Auto,5978,Diesel,150,30.7,4
 A1,2019,19995,Manual,2235,Petrol,150,49.6,1
 Q3,2016,16995,Semi-Auto,52496,Diesel,160,50.4,2
 A6,2016,18350,Automatic,52255,Diesel,30,61.4,2
 A3,2018,15590,Manual,19686,Diesel,145,68.9,1.6
 Q7,2016,12500,Semi-Auto,26705,Diesel,200,47.9,3
 A1,2016,12500,Manual,26705,Petrol,30,58.9,1.4
 A1,2018,12500,Manual,18120,Petrol,145,57.7,1.4
 Q3,2016,18000,Semi-Auto,11966,Petrol,145,47.9,1.4
 A3,2016,14500,Manual,34728,Petrol,30,57.6,1.4
 A3,2018,16995,Semi-Auto,30547,Diesel,145,70.6,1.6
 A3,2015,13795,Manual,72406,Diesel,20,68.9,2
 A6,2017,19995,Semi-Auto,52822,Diesel,145,64.2,2
 A6,2015,18990,Semi-Auto,70228,Diesel,145,54.3,3
 A3,2017,15795,Manual,21637,Diesel,20,67.3,2
 Q3,2014,12595,Manual,52006,Diesel,145,54.3,2
 Q3,2016,20495,Semi-Auto,28994,Diesel,160,50.4,2
 A6,2018,37995,Manual,30,Diesel,145,39.2,3
 Q5,2019,35995,Automatic,7093,Diesel,145,38.2,2
 Q2,2020,35495,Semi-Auto,1934,Petrol,145,32.5,2
 A4,2019,28995,Semi-Auto,4708,Diesel,145,49.6,2
 Q3,2019,38995,Automatic,4304,Diesel,145,37.7,2
 Q2,2017,19495,Manual,9256,Petrol,145,52.3,1.4
 Q3,2018,27995,Automatic,11403,Petrol,145,38.2,1.5
 A1,2019,23995,Semi-Auto,1952,Petrol,145,44.1,1
 A6,2019,41995,Semi-Auto,8060,Diesel,145,37.7,3
 A6,2018,31700,Semi-Auto,7415,Diesel,145,47.9,2
 A8,2018,42000,Automatic,9756,Petrol,145,37.7,3
 A5,2018,33500,Automatic,9102,Diesel,145,51.4,3
 Q5,2018,31000,Automatic,6002,Diesel,145,38.2,2
 Q7,2018,45000,Automatic,6591,Diesel,145,33.2,3
 Q2,2019,22495,Manual,1000,Diesel,145,49.6,1.6
 A3,2019,21995,Automatic,5450,Petrol,145,44.8,1.5
 Q2,2019,29809,Automatic,1000,Diesel,145,46.3,2
 A5,2019,31995,Automatic,1000,Petrol,145,40.4,2
 A4,2016,18000,Manual,23596,Petrol,145,48.7,2
 Q7,2018,55500,Automatic,11719,Diesel,145,39.2,4
 Q5,2019,31500,Automatic,3185,Diesel,145,39.2,2
 Q5,2019,30995,Automatic,8744,Diesel,145,39.2,2
 A6,2019,32250,Automatic,238,Diesel,145,47.9,2
 A5,2019,31695,Automatic,4693,Diesel,145,47.1,2
 Q3,2016,19000,Manual,28186,Diesel,145,52.3,2
 Q3,2016,16995,Semi-Auto,37000,Diesel,145,54.3,2
 A1,2017,14695,Manual,13555,Petrol,30,55.4,1.4
 Q5,2016,31495,Semi-Auto,31031,Diesel,235,42.2,3
 Q3,2016,17395,Manual,34500,Diesel,160,49.6,2
 Q5,2019,33995,Semi-Auto,6412,Diesel,145,39.2,2
 A3,2017,17500,Manual,14500,Petrol,20,60.1,1.4
 A1,2017,11495,Manual,24857,Diesel,0,76.3,1.6
 A6,2019,32494,Automatic,2394,Diesel,145,50.4,2
 Q5,2019,36202,Automatic,1000,Diesel,145,39.2,2
 Q5,2019,37395,Automatic,1000,Diesel,145,38.2,2
 A6,2019,31000,Automatic,1000,Diesel,145,50.4,2
 A8,2018,37000,Automatic,10296,Diesel,145,50.4,3
 A3,2018,20000,Automatic,6629,Petrol,145,42.2,1.5
 A4,2019,26495,Manual,6768,Diesel,145,74.3,2
 A4,2019,23995,Automatic,5363,Petrol,145,39.8,2
 A7,2019,42500,Automatic,4288,Diesel,145,38.2,3
 A3,2014,7898,Semi-Auto,88130,Diesel,30,64.2,2
 Q7,2017,50000,Automatic,17927,Diesel,145,39.2,4
 A5,2019,29000,Semi-Auto,6452,Petrol,145,40.4,2
 A7,2019,41495,Automatic,6112,Diesel,145,38.7,3
 A4,2019,25995,Semi-Auto,7447,Diesel,145,47.9,2
 Q5,2019,35995,Automatic,4326,Diesel,145,38.2,2
 Q7,2019,49995,Automatic,5558,Diesel,145,33.6,3
 A6,2019,31500,Automatic,2408,Diesel,145,50.4,2
 Q2,2019,23995,Manual,4430,Petrol,145,40.9,1.5
 Q2,2019,23374,Manual,1000,Diesel,145,49.6,1.6
 Q2,2019,22495,Manual,1000,Diesel,145,49.6,1.6
 A1,2016,11495,Manual,8000,Petrol,0,67.3,1
 A4,2017,19995,Semi-Auto,29885,Diesel,30,65.7,2
 A3,2017,17695,Manual,14160,Diesel,145,68.9,1.6
 A5,2019,27995,Semi-Auto,21480,Diesel,145,48.7,2
 A6,2019,46000,Automatic,6606,Diesel,145,36.2,3
 Q3,2017,23998,Semi-Auto,12147,Petrol,145,40.4,2
 A3,2017,12798,Manual,29998,Petrol,20,61.4,1.4
 Q3,2016,17698,Semi-Auto,22168,Petrol,145,47.9,1.4
 A1,2016,10998,Manual,24242,Petrol,0,67.3,1
 A3,2017,19698,Semi-Auto,18389,Petrol,145,57.7,1.5
 A6,2016,17298,Manual,31759,Diesel,30,61.4,2
 A4,2019,24998,Semi-Auto,12853,Petrol,145,38.2,2
 A4,2019,24998,Semi-Auto,13009,Petrol,145,38.2,2
 Q2,2019,25998,Semi-Auto,17,Diesel,145,46.3,2
 A5,2015,14998,Manual,32125,Diesel,125,57.6,2
 TT,2015,15998,Manual,17416,Diesel,20,67.3,2
 A5,2017,19498,Semi-Auto,27049,Diesel,145,67.3,2
 Q3,2014,11950,Manual,81877,Diesel,160,49.6,2
 Q3,2016,16998,Manual,27692,Petrol,145,49.6,1.4
 Q3,2015,13995,Manual,35446,Diesel,145,54.3,2
 A6,2015,16995,Semi-Auto,45000,Diesel,30,64.2,2
 Q2,2018,22590,Semi-Auto,6672,Diesel,145,57.7,2
 Q2,2018,20498,Manual,10005,Petrol,145,50.4,1.4
 A4,2019,18998,Manual,2069,Petrol,145,41.5,2
 A5,2019,25998,Semi-Auto,24608,Petrol,145,39.8,2
 A3,2017,16495,Manual,36031,Petrol,30,60.1,1.4
 A1,2017,13998,Manual,28752,Petrol,150,58.9,1.4
 A1,2014,8498,Manual,58601,Petrol,125,52.3,1.4
 A3,2017,19998,Manual,21113,Petrol,145,55.4,1.5
 Q3,2015,13998,Manual,66047,Diesel,145,55.4,2
 A6,2016,17498,Semi-Auto,24405,Diesel,20,64.2,2
 A6,2015,14995,Manual,43193,Diesel,30,65.7,2
 Q2,2017,16500,Manual,22379,Petrol,125,52.3,1.4
 A6,2014,18498,Semi-Auto,36223,Diesel,235,44.8,3
 TT,2016,14998,Manual,39293,Diesel,30,62.8,2
 A8,2018,33498,Semi-Auto,13512,Diesel,145,50.4,3
 A1,2015,9698,Manual,61194,Petrol,0,67.3,1
 A4,2017,14849,Manual,58670,Diesel,0,74.3,2
 A1,2016,10994,Manual,36951,Petrol,0,67.3,1
 A3,2014,10202,Manual,34250,Petrol,30,55.4,1.4
 A4,2016,15495,Manual,32811,Diesel,0,74.3,2
 A6,2017,22695,Semi-Auto,31842,Diesel,125,58.9,2
 A1,2016,11695,Manual,22373,Petrol,30,55.4,1.4
 Q3,2017,17495,Manual,34617,Diesel,30,60.1,2
 Q3,2015,14495,Manual,48065,Diesel,145,55.4,2
 A4,2017,17795,Semi-Auto,26752,Diesel,145,64.2,2
 Q2,2018,18695,Manual,12300,Petrol,145,52.3,1.4
 A6,2016,20000,Semi-Auto,24000,Diesel,30,61.4,2
 TT,2015,13998,Manual,61410,Diesel,30,62.8,2
 A6,2015,17498,Semi-Auto,57290,Diesel,30,61.4,2
 Q2,2017,16495,Manual,18045,Petrol,145,55.4,1
 A3,2017,15498,Semi-Auto,13542,Diesel,20,72.4,1.6
 Q5,2016,29998,Semi-Auto,38678,Diesel,235,42.2,3
 A5,2017,21498,Semi-Auto,19608,Diesel,145,62.8,2
 Q3,2019,29695,Automatic,8849,Diesel,145,47.1,2
 A1,2015,10995,Manual,13854,Petrol,30,55.4,1.4
 A1,2017,10495,Manual,37131,Petrol,0,67.3,1
 A6,2014,14998,Semi-Auto,60484,Diesel,30,64.2,2
 A5,2015,16998,Semi-Auto,71253,Diesel,160,49.6,3
 Q3,2016,18998,Semi-Auto,32968,Diesel,160,50.4,2
 A3,2015,11698,Manual,53372,Petrol,20,60.1,1.4
 A4,2017,14898,Manual,24222,Petrol,145,53.3,1.4
 A4,2015,12698,Manual,36081,Diesel,145,55.4,2
 Q3,2018,24498,Semi-Auto,11487,Petrol,145,42.2,2
 Q3,2013,11998,Semi-Auto,52765,Diesel,200,47.9,2
 A1,2019,20350,Manual,2065,Petrol,145,46.3,1.5
 Q2,2018,17950,Manual,8026,Petrol,145,47.1,1
 A3,2018,18300,Manual,31500,Petrol,145,55.4,1.5
 Q2,2019,31888,Semi-Auto,3481,Petrol,150,33.2,2
 A4,2018,18288,Semi-Auto,31348,Petrol,150,51.4,1.4
 A4,2016,15498,Manual,27370,Diesel,30,64.2,2
 A4,2017,22500,Semi-Auto,15175,Diesel,145,61.4,2
 Q2,2018,22988,Semi-Auto,11347,Petrol,150,52.3,1.4
 Q3,2017,19688,Manual,24387,Petrol,150,49.6,1.4
 A1,2016,13688,Manual,26165,Petrol,30,55.4,1.4
 Q3,2017,22988,Semi-Auto,14950,Petrol,150,42.2,2
 A6,2016,16490,Manual,44316,Diesel,30,64.2,2
 A3,2017,18488,Semi-Auto,35329,Petrol,150,47.9,2
 A7,2017,26500,Semi-Auto,34201,Diesel,145,52.3,3
 A3,2015,12450,Manual,21429,Diesel,20,68.9,2
 A3,2016,12990,Manual,35694,Petrol,20,60.1,1
 Q3,2015,16998,Semi-Auto,40858,Diesel,160,50.4,2
 A4,2016,13998,Manual,19285,Petrol,125,53.3,1.4
 A5,2015,17498,Semi-Auto,35903,Diesel,145,56.5,2
 Q3,2015,17498,Semi-Auto,40256,Diesel,160,50.4,2
 A3,2019,19995,Manual,7307,Diesel,145,51.4,1.6
 Q2,2019,22995,Automatic,2402,Diesel,145,47.9,1.6
 Q3,2019,29995,Automatic,4384,Petrol,145,38.2,1.5
 Q2,2019,28495,Automatic,1442,Petrol,145,40.9,1.5
 Q3,2019,30995,Manual,4173,Diesel,145,40.9,2
 A3,2019,33995,Semi-Auto,3243,Petrol,145,34.5,2
 Q2,2019,28495,Automatic,3381,Petrol,145,40.9,1.5
 A3,2019,23495,Automatic,7378,Diesel,145,52.3,1.6
 A1,2019,24495,Semi-Auto,4634,Petrol,145,40.9,2
 Q3,2019,34995,Automatic,7126,Petrol,145,32.1,2
 A1,2020,20990,Manual,556,Petrol,145,47.9,1
 Q2,2017,19850,Semi-Auto,9547,Petrol,145,54.3,1.4
 Q3,2020,33444,Semi-Auto,1904,Petrol,145,31.4,2
 Q3,2020,30888,Semi-Auto,525,Petrol,145,40.9,1.5
 A3,2020,31990,Semi-Auto,2165,Hybrid,135,141.3,1.4
 A1,2020,20888,Manual,1500,Petrol,145,47.9,1
 A1,2019,21490,Manual,1565,Petrol,145,47.9,1
 A4,2017,13450,Manual,59512,Diesel,145,74.3,2
 A3,2019,21488,Manual,6350,Diesel,145,54.3,2
 A3,2019,21288,Manual,4538,Diesel,145,51.4,1.6
 A3,2019,21288,Manual,6238,Diesel,145,51.4,1.6
 A3,2019,22888,Semi-Auto,6018,Petrol,145,40.9,2
 Q2,2019,28888,Semi-Auto,4201,Petrol,145,33.2,2
 A3,2019,21888,Manual,5150,Diesel,145,52.3,1.6
 A1,2016,10988,Manual,40468,Petrol,30,55.4,1.4
 Q5,2020,38888,Semi-Auto,1986,Diesel,145,38.2,2
 Q2,2020,24444,Manual,4265,Petrol,145,43.5,1.5
 Q3,2020,39888,Semi-Auto,1765,Petrol,145,31,2
 Q2,2020,33000,Semi-Auto,820,Petrol,145,32.5,2
 Q3,2020,33444,Semi-Auto,4846,Petrol,145,31.4,2
 Q3,2020,33444,Semi-Auto,475,Petrol,145,31.4,2
 Q3,2020,33444,Semi-Auto,425,Petrol,145,31.4,2
 A6,2019,37000,Semi-Auto,2271,Petrol,145,34,2
 Q2,2019,25444,Semi-Auto,4917,Petrol,145,40.9,1.5
 Q2,2019,26995,Semi-Auto,6070,Petrol,145,40.9,1.5
 Q2,2019,23995,Automatic,7945,Diesel,145,47.9,1.6
 A4,2017,18298,Manual,20637,Diesel,30,67.3,2
 A4,2015,12490,Manual,38041,Diesel,30,64.2,2
 A5,2016,16390,Semi-Auto,28555,Diesel,125,58.9,2
 Q2,2019,24888,Manual,3897,Petrol,145,39.2,1.5
 A3,2019,21450,Automatic,5793,Diesel,145,52.3,1.6
 Q3,2017,18990,Semi-Auto,30821,Petrol,200,42.8,2
 Q3,2016,15888,Manual,52034,Diesel,145,52.3,2
 A3,2018,20688,Semi-Auto,9135,Petrol,145,56.5,1.5
 Q7,2017,35888,Automatic,21728,Diesel,145,47.9,3
 Q2,2019,28495,Semi-Auto,2145,Diesel,145,46.3,2
 A8,2017,38995,Semi-Auto,6479,Diesel,145,50.4,3
 A3,2019,34995,Semi-Auto,1054,Petrol,145,34.5,2
 A4,2019,30995,Automatic,4598,Petrol,145,38.2,2
 A1,2019,23495,Manual,1041,Petrol,145,45.6,1.5
 A1,2017,15995,Automatic,21595,Petrol,145,58.9,1.4
 Q2,2018,19995,Manual,9005,Petrol,145,50.4,1.4
 Q3,2019,40995,Automatic,9029,Petrol,145,31.4,2
 Q2,2017,18950,Semi-Auto,25915,Diesel,145,65.7,1.6
 Q3,2017,20088,Manual,15454,Petrol,145,49.6,1.4
 A8,2016,26000,Semi-Auto,25691,Diesel,200,47.9,3
 RS3,2016,29888,Semi-Auto,29920,Petrol,300,34.9,2.5
 A1,2019,20500,Semi-Auto,5676,Petrol,145,47.1,1
 Q5,2019,36888,Semi-Auto,3263,Diesel,145,38.2,2
 A3,2016,17988,Semi-Auto,24406,Petrol,125,48.7,2
 Q5,2019,34998,Semi-Auto,44,Petrol,145,32.1,2
 A6,2015,21698,Semi-Auto,41109,Diesel,200,45.6,3
 Q3,2019,30543,Semi-Auto,13433,Petrol,145,31.7,2
 A4,2019,26588,Semi-Auto,5130,Petrol,145,38.7,2
 Q3,2019,26846,Manual,2362,Diesel,145,42.8,2
 A8,2015,19998,Semi-Auto,42565,Diesel,200,47.9,3
 A4,2017,14698,Manual,19637,Petrol,145,53.3,1.4
 TT,2016,17498,Manual,20674,Petrol,160,46.3,2
 A6,2015,18498,Semi-Auto,22540,Diesel,30,64.2,2
 Q3,2015,16498,Manual,14146,Diesel,125,60.1,2
 A1,2016,13498,Manual,21160,Petrol,30,55.4,1.4
 Q2,2019,20498,Semi-Auto,7779,Diesel,150,47.9,1.6
 A1,2015,9995,Manual,19603,Diesel,0,80.7,1.6
 A1,2015,12995,Manual,27275,Petrol,30,55.4,1.4
 A3,2019,19888,Automatic,8274,Petrol,145,45.6,1
 A5,2016,22750,Automatic,36399,Diesel,125,60.1,3
 Q5,2016,26990,Semi-Auto,46401,Diesel,235,42.8,3
 Q2,2018,20890,Manual,11088,Petrol,145,50.4,1.4
 A6,2017,19990,Automatic,32276,Diesel,145,61.4,2
 Q3,2017,20488,Manual,25576,Diesel,145,54.3,2
 A3,2018,20488,Manual,13069,Petrol,145,54.3,1.5
 A6,2015,15498,Semi-Auto,57123,Diesel,20,67.3,2
 A3,2016,11498,Manual,47205,Petrol,20,60.1,1
 A4,2015,14900,Manual,20995,Diesel,30,64.2,2
 A3,2016,16400,Manual,24102,Petrol,30,60.1,1.4
 A4,2016,13498,Manual,37251,Petrol,145,51.4,1.4
 A1,2016,11698,Manual,11578,Petrol,0,67.3,1
 A5,2017,22998,Semi-Auto,15114,Diesel,145,62.8,2
 A4,2017,17998,Manual,20083,Diesel,145,68.9,2
 A3,2013,10398,Manual,60076,Diesel,20,68.9,2
 A4,2016,15498,Manual,42783,Diesel,30,64.2,2
 A1,2016,12798,Manual,30334,Petrol,30,55.4,1.4
 Q3,2016,17998,Manual,22541,Diesel,145,52.3,2
 TT,2016,16998,Manual,18263,Diesel,30,62.8,2
 A4,2016,16498,Manual,37488,Diesel,30,64.2,2
 Q7,2014,20498,Semi-Auto,43209,Diesel,300,38.2,3
 A4,2016,15395,Semi-Auto,45619,Diesel,20,67.3,2
 A5,2017,20995,Manual,12313,Diesel,30,64.2,2
 Q5,2016,19498,Semi-Auto,50961,Diesel,205,47.1,2
 A1,2016,11698,Manual,24001,Petrol,30,55.4,1.4
 A3,2017,15998,Semi-Auto,24519,Diesel,150,70.6,1.6
 A6,2017,19940,Automatic,33856,Diesel,145,56.5,2
 A4,2016,13498,Manual,29333,Petrol,145,51.4,1.4
 A1,2013,9998,Semi-Auto,47565,Petrol,125,53.3,1.4
 Q5,2019,35995,Semi-Auto,4770,Diesel,145,38.2,2
 Q3,2019,36497,Automatic,1000,Diesel,145,47.1,2
 A6,2019,30864,Semi-Auto,1000,Diesel,145,47.9,2
 Q3,2015,14498,Manual,53124,Diesel,145,55.4,2
 Q2,2019,20498,Semi-Auto,5662,Diesel,145,47.9,1.6
 Q3,2015,16498,Semi-Auto,33845,Petrol,145,47.9,1.4
 Q3,2015,15498,Semi-Auto,39876,Petrol,200,42.8,2
 A1,2015,9998,Manual,49565,Petrol,30,55.4,1.4
 A1,2016,11798,Manual,13501,Petrol,0,67.3,1
 A4,2019,22288,Manual,5654,Petrol,145,39.2,2
 A6,2017,25000,Semi-Auto,22350,Diesel,145,54.3,2
 A5,2019,28990,Semi-Auto,3065,Petrol,145,39.8,2
 A4,2016,14998,Manual,30498,Diesel,0,74.3,2
 Q5,2019,31998,Semi-Auto,100,Petrol,145,33.2,2
 A6,2019,30861,Automatic,1000,Diesel,145,47.9,2
 Q2,2019,26508,Manual,15,Petrol,145,40.9,1.5
 A1,2019,26011,Semi-Auto,1000,Petrol,145,44.1,1
 Q2,2019,28062,Manual,1000,Petrol,145,43.5,1.5
 A6,2019,32098,Automatic,1000,Diesel,145,50.4,2
 A8,2018,39700,Automatic,7919,Diesel,145,50.4,3
 Q2,2018,18495,Manual,8539,Diesel,145,64.2,1.6
 A3,2018,20888,Manual,6940,Petrol,145,54.3,1.5
 A4,2019,22490,Manual,1342,Petrol,145,39.2,2
 A1,2016,12950,Manual,15734,Petrol,0,67.3,1
 A4,2019,41888,Semi-Auto,6536,Diesel,145,39.8,3
 Q5,2020,58990,Semi-Auto,2396,Diesel,145,32.5,3
 A6,2019,31288,Semi-Auto,2021,Diesel,145,47.9,2
 Q3,2020,37888,Semi-Auto,2553,Petrol,145,30.7,2
 Q3,2016,17498,Semi-Auto,32971,Diesel,145,51.4,2
 Q2,2017,18498,Manual,11133,Petrol,145,52.3,1.4
 A6,2016,17998,Manual,33182,Diesel,30,61.4,2
 A4,2016,16498,Manual,38231,Diesel,30,64.2,2
 A4,2017,18498,Manual,21540,Petrol,145,51.4,1.4
 Q3,2015,19498,Manual,14919,Diesel,160,49.6,2
 Q2,2019,22698,Manual,9525,Petrol,145,40.9,1.5
 A3,2017,17998,Semi-Auto,31317,Diesel,125,57.6,2
 Q2,2019,22495,Manual,1000,Diesel,145,49.6,1.6
 A4,2019,33245,Semi-Auto,2529,Diesel,150,47.9,2
 A4,2016,13998,Manual,38405,Diesel,0,74.3,2
 A6,2015,16998,Automatic,57916,Diesel,30,61.4,2
 A1,2015,11798,Manual,50730,Petrol,30,58.9,1.4
 A3,2017,14995,Manual,14488,Petrol,150,60.1,1.4
 Q2,2019,22995,Semi-Auto,3049,Petrol,150,43.5,1.5
 A6,2019,45995,Semi-Auto,7461,Diesel,150,37.7,3
 Q5,2017,33495,Semi-Auto,37492,Petrol,150,34,3
 A5,2018,19495,Semi-Auto,36715,Petrol,150,35.3,3
 TT,2017,18000,Manual,14999,Petrol,150,47.1,1.8
 A1,2018,15990,Semi-Auto,10247,Petrol,145,56.5,1.4
 TT,2016,17000,Manual,9360,Petrol,160,46.3,1.8
 Q3,2016,15496,Manual,22543,Diesel,30,61.4,2